{
    "timestamp": 1771026377.4494681,
    "baseline": 10.0,
    "width": 640,
    "height": 480,
    "M1": [
        [
            218.4490947526403,
            0.0,
            320.1601294344052
        ],
        [
            0.0,
            220.6188993514328,
            234.76249790544745
        ],
        [
            0.0,
            0.0,
            1.0
        ]
    ],
    "d1": [
        [
            0.14955417823117773,
            -0.15855902458776885,
            -0.004600051889016783,
            0.00023689792503347066,
            0.03441991579129264
        ]
    ],
    "M2": [
        [
            212.59360757546398,
            0.0,
            323.9480822477569
        ],
        [
            0.0,
            214.72390710749636,
            238.14405809196217
        ],
        [
            0.0,
            0.0,
            1.0
        ]
    ],
    "d2": [
        [
            0.15373126973920345,
            -0.15668299450898368,
            -0.004405254533829363,
            0.0048439433331414015,
            0.032972321739813994
        ]
    ],
    "R": [
        [
            0.9972715088193083,
            -0.01101036360664174,
            0.0729952710147038
        ],
        [
            0.011718365372366278,
            0.9998882920418137,
            -0.00927811137593944
        ],
        [
            -0.07288496148218948,
            0.0101081813870819,
            0.9972891291189259
        ]
    ],
    "T": [
        [
            -10.416044739218446
        ],
        [
            -0.2085457673474996
        ],
        [
            -0.3197995067787773
        ]
    ],
    "R1": [
        [
            0.9946004673654395,
            0.009313082160711625,
            0.10335945441572994
        ],
        [
            -0.00876392097598693,
            0.9999449719989598,
            -0.005765991946409788
        ],
        [
            -0.10340746590829977,
            0.004829024194103966,
            0.9946273556059859
        ]
    ],
    "R2": [
        [
            0.9993289197280409,
            0.02000815296160797,
            0.03068198185012662
        ],
        [
            -0.020170656568034125,
            0.9997840688752195,
            0.004996022110091959
        ],
        [
            -0.030575395480696935,
            -0.005611545096941154,
            0.9995167110923278
        ]
    ],
    "P1": [
        [
            217.67140322946457,
            0.0,
            272.5495262145996,
            0.0
        ],
        [
            0.0,
            217.67140322946457,
            232.1645965576172,
            0.0
        ],
        [
            0.0,
            0.0,
            1.0,
            0.0
        ]
    ],
    "P2": [
        [
            217.67140322946457,
            0.0,
            272.5495262145996,
            -2268.7976198102833
        ],
        [
            0.0,
            217.67140322946457,
            232.1645965576172,
            0.0
        ],
        [
            0.0,
            0.0,
            1.0,
            0.0
        ]
    ],
    "Q": [
        [
            1.0,
            0.0,
            0.0,
            -272.5495262145996
        ],
        [
            0.0,
            1.0,
            0.0,
            -232.1645965576172
        ],
        [
            0.0,
            0.0,
            0.0,
            217.67140322946457
        ],
        [
            0.0,
            0.0,
            0.09594130447283625,
            -0.0
        ]
    ],
    "pixel_error": 2.145994942914555,
    "pixel_error_left": 1.6845488230897128,
    "pixel_error_right": 1.995913359115499,
    "calculated_baseline": 10.423039435357365,
    "fov_left": 111.36093392009593,
    "fov_right": 112.80344934962267
}