{
    "timestamp": 1771030873.7310548,
    "baseline": 10.0,
    "width": 640,
    "height": 480,
    "M1": [
        [
            211.02803481445142,
            0.0,
            317.02050423094425
        ],
        [
            0.0,
            211.46432931331844,
            240.42869459218986
        ],
        [
            0.0,
            0.0,
            1.0
        ]
    ],
    "d1": [
        [
            0.04295893953599842,
            -0.052192432990792785,
            -0.00033628461694851854,
            -0.002526565306879347,
            0.0073565730797960326
        ]
    ],
    "M2": [
        [
            210.51032149794378,
            0.0,
            320.8206391859344
        ],
        [
            0.0,
            211.72551072849717,
            236.96007759263193
        ],
        [
            0.0,
            0.0,
            1.0
        ]
    ],
    "d2": [
        [
            0.06540260321621058,
            -0.0663389924074957,
            -0.004473886340790475,
            0.00023725140423029145,
            0.009958470151505498
        ]
    ],
    "R": [
        [
            0.9983163061135528,
            -0.018763875861898722,
            -0.05488597189109746
        ],
        [
            0.019533434240891222,
            0.9997178104426305,
            0.013518299839455732
        ],
        [
            0.054616827942932246,
            -0.014567650683343045,
            0.9984011146122685
        ]
    ],
    "T": [
        [
            -10.643956868651097
        ],
        [
            -0.2805340794198729
        ],
        [
            -0.4276860462741236
        ]
    ],
    "R1": [
        [
            0.999871926270195,
            0.006991458092024784,
            -0.014396199862364048
        ],
        [
            -0.006887765252831347,
            0.9999500705986177,
            0.007239820415008271
        ],
        [
            0.014446097969748058,
            -0.00713973553901977,
            0.9998701587855702
        ]
    ],
    "R2": [
        [
            0.9988474105899557,
            0.02632580555038442,
            0.040134801854050585
        ],
        [
            -0.026036471937188,
            0.9996312234843249,
            -0.007714866447053213
        ],
        [
            -0.04032310115559783,
            0.006661005731508869,
            0.9991644902196235
        ]
    ],
    "P1": [
        [
            211.5949200209078,
            0.0,
            303.03210830688477,
            0.0
        ],
        [
            0.0,
            211.5949200209078,
            233.6706371307373,
            0.0
        ],
        [
            0.0,
            0.0,
            1.0,
            0.0
        ]
    ],
    "P2": [
        [
            211.5949200209078,
            0.0,
            303.03210830688477,
            -2254.806067923814
        ],
        [
            0.0,
            211.5949200209078,
            233.6706371307373,
            0.0
        ],
        [
            0.0,
            0.0,
            1.0,
            0.0
        ]
    ],
    "Q": [
        [
            1.0,
            0.0,
            0.0,
            -303.03210830688477
        ],
        [
            0.0,
            1.0,
            0.0,
            -233.6706371307373
        ],
        [
            0.0,
            0.0,
            0.0,
            211.5949200209078
        ],
        [
            0.0,
            0.0,
            0.09384173789089574,
            -0.0
        ]
    ],
    "pixel_error": 1.5494319804118692,
    "pixel_error_left": 1.3976980604455738,
    "pixel_error_right": 1.2314415800738283,
    "calculated_baseline": 10.656239137031339,
    "fov_left": 113.19328353537692,
    "fov_right": 113.32258276888847
}