{
    "timestamp": 1771033172.96452,
    "baseline": 8.75,
    "width": 640,
    "height": 480,
    "M1": [
        [
            215.8576655888349,
            0.0,
            320.8191923134449
        ],
        [
            0.0,
            217.2718556049098,
            233.7382598286799
        ],
        [
            0.0,
            0.0,
            1.0
        ]
    ],
    "d1": [
        [
            0.08920159737530889,
            -0.09058321104136642,
            -0.003976196261931504,
            0.0030538209386907237,
            0.015054802973895963
        ]
    ],
    "M2": [
        [
            212.28857729418567,
            0.0,
            317.2622321471398
        ],
        [
            0.0,
            213.31763582929747,
            238.37447577161223
        ],
        [
            0.0,
            0.0,
            1.0
        ]
    ],
    "d2": [
        [
            0.0667214689769025,
            -0.06657211851772718,
            -0.00018448051616181145,
            0.0011791525193054434,
            0.009909107733437589
        ]
    ],
    "R": [
        [
            0.999030244590936,
            -0.03317629679737053,
            -0.028946566694295534
        ],
        [
            0.031074615243031418,
            0.9970446264228654,
            -0.07025938520074201
        ],
        [
            0.031191964992159073,
            0.06929174735927408,
            0.9971086776614806
        ]
    ],
    "T": [
        [
            -8.724014597072117
        ],
        [
            -0.339871549068875
        ],
        [
            -0.9855850591875949
        ]
    ],
    "R1": [
        [
            0.9966733026533383,
            0.0133995392635517,
            0.0803914182336144
        ],
        [
            -0.010538777630838674,
            0.9992996450704167,
            -0.035904784196359514
        ],
        [
            -0.08081622327314678,
            0.03493811256584921,
            0.9961164923572949
        ]
    ],
    "R2": [
        [
            0.9929351706859166,
            0.03868292640171059,
            0.11217565698461311
        ],
        [
            -0.04264229897820483,
            0.9985415009071269,
            0.03311352146775671
        ],
        [
            -0.11073112097681995,
            -0.03766300799381319,
            0.9931365045531629
        ]
    ],
    "P1": [
        [
            215.29474571710364,
            0.0,
            235.0851936340332,
            0.0
        ],
        [
            0.0,
            215.29474571710364,
            232.11116981506348,
            0.0
        ],
        [
            0.0,
            0.0,
            1.0,
            0.0
        ]
    ],
    "P2": [
        [
            215.29474571710364,
            0.0,
            235.0851936340332,
            -1891.5983235959538
        ],
        [
            0.0,
            215.29474571710364,
            232.11116981506348,
            0.0
        ],
        [
            0.0,
            0.0,
            1.0,
            0.0
        ]
    ],
    "Q": [
        [
            1.0,
            0.0,
            0.0,
            -235.0851936340332
        ],
        [
            0.0,
            1.0,
            0.0,
            -232.11116981506348
        ],
        [
            0.0,
            0.0,
            0.0,
            215.29474571710364
        ],
        [
            0.0,
            0.0,
            0.11381631239121921,
            -0.0
        ]
    ],
    "pixel_error": 1.739275333112278,
    "pixel_error_left": 1.391403422421045,
    "pixel_error_right": 1.396253019566846,
    "calculated_baseline": 8.786086800657483,
    "fov_left": 111.99632296243655,
    "fov_right": 112.87926548437622
}