{
    "timestamp": 1772769001.3584702,
    "baseline": 13.0,
    "width": 640,
    "height": 480,
    "M1": [
        [
            288.7133995610043,
            0.0,
            304.53543351491237
        ],
        [
            0.0,
            287.05819591062215,
            235.1424029662459
        ],
        [
            0.0,
            0.0,
            1.0
        ]
    ],
    "d1": [
        [
            -0.12861071766091525,
            0.09840888621122797,
            -0.003301540569966803,
            -0.00481753429069793,
            -0.03497737925752212
        ]
    ],
    "M2": [
        [
            287.6843304552369,
            0.0,
            308.43831057692273
        ],
        [
            0.0,
            287.32296427654234,
            232.6034981605327
        ],
        [
            0.0,
            0.0,
            1.0
        ]
    ],
    "d2": [
        [
            -0.08562288594803585,
            0.060380543787374695,
            -0.003738865625790835,
            -0.0019867158063464987,
            -0.03216752947672497
        ]
    ],
    "R": [
        [
            0.999866745856543,
            0.015213214950368101,
            0.005920187591719257
        ],
        [
            -0.015245759818238058,
            0.9998686963604815,
            0.005491524920807829
        ],
        [
            -0.005835866500516269,
            -0.005581050910460509,
            0.999967396734975
        ]
    ],
    "T": [
        [
            -11.749557475978483
        ],
        [
            0.3403014944812608
        ],
        [
            0.44654733773333855
        ]
    ],
    "R1": [
        [
            0.9993898166307033,
            -0.013518367599770294,
            -0.032206337144834084
        ],
        [
            0.013604169812531495,
            0.999904466049987,
            0.0024464948400903784
        ],
        [
            0.032170187729651904,
            -0.0028831425091838587,
            0.9994782471423331
        ]
    ],
    "R2": [
        [
            0.9988603184070954,
            -0.028929911601088473,
            -0.03796214596712059
        ],
        [
            0.02882860228078358,
            0.9995792040363183,
            -0.0032134947731277
        ],
        [
            0.03803913776904208,
            0.0021154368044746896,
            0.9992740109323939
        ]
    ],
    "P1": [
        [
            287.19058009358224,
            0.0,
            329.12858963012695,
            0.0
        ],
        [
            0.0,
            287.19058009358224,
            233.915620803833,
            0.0
        ],
        [
            0.0,
            0.0,
            1.0,
            0.0
        ]
    ],
    "P2": [
        [
            287.19058009358224,
            0.0,
            329.12858963012695,
            -3378.212313760062
        ],
        [
            0.0,
            287.19058009358224,
            233.915620803833,
            0.0
        ],
        [
            0.0,
            0.0,
            1.0,
            0.0
        ]
    ],
    "Q": [
        [
            1.0,
            0.0,
            0.0,
            -329.12858963012695
        ],
        [
            0.0,
            1.0,
            0.0,
            -233.915620803833
        ],
        [
            0.0,
            0.0,
            0.0,
            287.19058009358224
        ],
        [
            0.0,
            0.0,
            0.08501259051238542,
            -0.0
        ]
    ],
    "pixel_error": 0.9652389400529683,
    "calculated_baseline": 11.762963508967658
}