{
    "timestamp": 1771360213.982139,
    "baseline": 13.0,
    "width": 640,
    "height": 480,
    "M1": [
        [
            217.7865148531687,
            0.0,
            324.0508665757218
        ],
        [
            0.0,
            219.4852581873942,
            236.1777477129618
        ],
        [
            0.0,
            0.0,
            1.0
        ]
    ],
    "d1": [
        [
            0.179161998035678,
            -0.19294745277154474,
            -0.0015898594441792326,
            0.0031294798778510593,
            0.04357592519866279
        ]
    ],
    "M2": [
        [
            231.16252686948164,
            0.0,
            319.94225724194973
        ],
        [
            0.0,
            233.06963067437985,
            238.34363832928867
        ],
        [
            0.0,
            0.0,
            1.0
        ]
    ],
    "d2": [
        [
            0.17831990104656054,
            -0.17491846644376685,
            -0.00010786733236615966,
            -0.00035130436528462734,
            0.03575825175378945
        ]
    ],
    "R": [
        [
            0.9947365358167464,
            0.007867484900299652,
            -0.10216323699179838
        ],
        [
            -0.009030944227324861,
            0.9998994758208688,
            -0.010930704438180543
        ],
        [
            0.10206696996414537,
            0.01179580156222836,
            0.9947075915603755
        ]
    ],
    "T": [
        [
            -13.018081917164457
        ],
        [
            -0.11177233697207015
        ],
        [
            0.1444923324124288
        ]
    ],
    "R1": [
        [
            0.9934283139655428,
            0.01632001902117022,
            -0.11328654814552176
        ],
        [
            -0.016943593761179404,
            0.9998461229535704,
            -0.004543681895742617
        ],
        [
            0.11319496297112826,
            0.006433303495267361,
            0.9935519679232199
        ]
    ],
    "R2": [
        [
            0.9999015575857505,
            0.00858508454198707,
            -0.011098263873103954
        ],
        [
            -0.008523940236991498,
            0.9999482965369341,
            0.005544970308285922
        ],
        [
            0.011145294093307136,
            -0.005449823510033134,
            0.9999230379600639
        ]
    ],
    "P1": [
        [
            226.27744443088704,
            0.0,
            347.0878372192383,
            0.0
        ],
        [
            0.0,
            226.27744443088704,
            238.44715881347656,
            0.0
        ],
        [
            0.0,
            0.0,
            1.0,
            0.0
        ]
    ],
    "P2": [
        [
            226.27744443088704,
            0.0,
            347.0878372192383,
            -2945.988317810272
        ],
        [
            0.0,
            226.27744443088704,
            238.44715881347656,
            0.0
        ],
        [
            0.0,
            0.0,
            1.0,
            0.0
        ]
    ],
    "Q": [
        [
            1.0,
            0.0,
            0.0,
            -347.0878372192383
        ],
        [
            0.0,
            1.0,
            0.0,
            -238.44715881347656
        ],
        [
            0.0,
            0.0,
            0.0,
            226.27744443088704
        ],
        [
            0.0,
            0.0,
            0.07680866996752966,
            -0.0
        ]
    ],
    "pixel_error": 1.2077100688188238,
    "pixel_error_left": 1.001207178561367,
    "pixel_error_right": 0.9594120227689342,
    "calculated_baseline": 13.019363574746746,
    "fov_left": 111.52293612664276,
    "fov_right": 108.31259469057858
}